                  epoch,         train/box_loss,         train/cls_loss,         train/dfl_loss,   metrics/precision(B),      metrics/recall(B),       metrics/mAP50(B),    metrics/mAP50-95(B),           val/box_loss,           val/cls_loss,           val/dfl_loss,                 lr/pg0,                 lr/pg1,                 lr/pg2
                      1,                0.42047,                 4.1692,                0.92298,                0.53031,                0.35366,                 0.2667,                0.25008,                0.31617,                 3.0206,                0.86166,              0.0033251,              0.0033251,              0.0033251
                      2,                0.43216,                 2.8758,                0.91384,                0.62866,                0.76895,                0.86945,                0.82238,                0.36279,                 1.4495,                0.93775,              0.0065926,              0.0065926,              0.0065926
                      3,                0.46019,                 2.0178,                0.91321,                0.77317,                0.84146,                 0.8787,                0.83295,                0.35129,                 1.2063,                0.93982,               0.009794,               0.009794,               0.009794
                      4,                0.45014,                 1.6058,                0.90131,                0.87869,                0.92683,                0.98836,                  0.949,                 0.3072,                0.75406,                0.87547,               0.009703,               0.009703,               0.009703
                      5,                0.40349,                  1.277,                 0.8845,                0.90996,                0.97561,                  0.995,                0.97226,                0.26742,                0.44851,                0.86699,               0.009604,               0.009604,               0.009604
                      6,                0.37146,                 1.0443,                0.87159,                0.96534,                 0.9878,                0.98915,                0.97221,                0.25906,                0.36414,                0.85831,               0.009505,               0.009505,               0.009505
                      7,                0.35304,                0.86884,                0.86774,                0.98465,                      1,                  0.995,                0.97913,                0.25163,                 0.2959,                0.85304,               0.009406,               0.009406,               0.009406
                      8,                 0.3369,                 0.7359,                0.86179,                0.96291,                      1,                  0.995,                0.97917,                0.25336,                0.33329,                0.83473,               0.009307,               0.009307,               0.009307
                      9,                0.32351,                0.64542,                0.86029,                0.98361,                      1,                  0.995,                0.97877,                0.23786,                0.25891,                0.83419,               0.009208,               0.009208,               0.009208
                     10,                 0.3113,                0.57949,                0.85661,                0.99089,                      1,                  0.995,                0.98866,                0.21868,                 0.2092,                0.82598,               0.009109,               0.009109,               0.009109
                     11,                0.30548,                 0.5175,                0.85393,                0.98938,                      1,                  0.995,                0.98654,                0.22781,                0.22935,                0.83443,                0.00901,                0.00901,                0.00901
                     12,                0.29566,                0.48307,                0.85023,                0.97658,                      1,                  0.995,                0.98548,                0.22673,                0.23693,                0.82679,               0.008911,               0.008911,               0.008911
                     13,                0.29331,                0.44529,                0.85198,                0.98844,                      1,                  0.995,                0.98913,                0.21187,                  0.195,                0.82247,               0.008812,               0.008812,               0.008812
                     14,                0.28585,                0.42531,                 0.8523,                0.98777,                      1,                  0.995,                0.98044,                0.24419,                0.20587,                0.82383,               0.008713,               0.008713,               0.008713
                     15,                0.28124,                0.39918,                0.84859,                0.99234,                      1,                  0.995,                0.98971,                 0.2066,                0.16766,                0.82602,               0.008614,               0.008614,               0.008614
                     16,                0.27707,                0.38896,                0.84842,                0.98133,                      1,                  0.995,                0.98952,                0.20409,                0.19256,                0.82265,               0.008515,               0.008515,               0.008515
                     17,                0.27113,                0.37494,                0.84705,                0.98304,                      1,                  0.995,                0.98883,                0.19545,                0.17347,                   0.82,               0.008416,               0.008416,               0.008416
                     18,                0.27044,                0.36489,                0.84453,                0.99364,                      1,                  0.995,                0.99022,                0.20212,                0.17621,                0.82207,               0.008317,               0.008317,               0.008317
                     19,                0.26478,                0.35918,                0.84422,                0.98075,                      1,                  0.995,                0.99216,                0.19504,                0.16212,                0.82161,               0.008218,               0.008218,               0.008218
                     20,                0.26364,                0.34532,                0.84543,                0.99404,                      1,                  0.995,                0.99165,                 0.1963,                0.16705,                0.81937,               0.008119,               0.008119,               0.008119
                     21,                0.26056,                0.33117,                0.84468,                0.99446,                      1,                  0.995,                0.98942,                0.19738,                0.16549,                0.81866,                0.00802,                0.00802,                0.00802
                     22,                0.25977,                0.31685,                0.84363,                0.99496,                      1,                  0.995,                0.98984,                0.20657,                0.19362,                0.81622,               0.007921,               0.007921,               0.007921
                     23,                0.25658,                0.31063,                0.84291,                0.99455,                      1,                  0.995,                0.98686,                0.20584,                0.15216,                0.82921,               0.007822,               0.007822,               0.007822
                     24,                0.25571,                0.29892,                0.84277,                0.99268,                      1,                  0.995,                  0.992,                0.20496,                 0.1612,                0.81423,               0.007723,               0.007723,               0.007723
                     25,                0.24937,                0.30655,                0.84239,                0.99673,                      1,                  0.995,                0.99135,                0.19429,                0.14753,                0.81502,               0.007624,               0.007624,               0.007624
                     26,                0.24578,                0.30018,                0.84323,                0.99705,                      1,                  0.995,                0.99139,                0.18891,                  0.142,                0.81939,               0.007525,               0.007525,               0.007525
                     27,                0.24814,                0.29698,                0.84251,                0.99409,                      1,                  0.995,                0.99167,                 0.1948,                0.15575,                0.81991,               0.007426,               0.007426,               0.007426
                     28,                0.24609,                0.28892,                0.84238,                0.99691,                      1,                  0.995,                0.99221,                0.18681,                0.13824,                0.81666,               0.007327,               0.007327,               0.007327
                     29,                0.24394,                0.27913,                0.83998,                0.99609,                      1,                  0.995,                  0.993,                 0.1821,                0.13313,                0.81778,               0.007228,               0.007228,               0.007228
                     30,                0.24284,                0.27403,                0.84109,                  0.998,                      1,                  0.995,                0.99181,                0.18215,                0.13349,                0.81563,               0.007129,               0.007129,               0.007129
                     31,                0.24181,                0.26693,                0.84171,                0.99675,                      1,                  0.995,                0.99243,                0.18138,                0.12573,                 0.8162,                0.00703,                0.00703,                0.00703
                     32,                0.23557,                0.25489,                0.83973,                0.99863,                      1,                  0.995,                0.99293,                0.17837,                0.12413,                0.81506,               0.006931,               0.006931,               0.006931
                     33,                0.23752,                0.25678,                0.83901,                0.99686,                      1,                  0.995,                0.99217,                0.18066,                0.13563,                0.81861,               0.006832,               0.006832,               0.006832
                     34,                0.23633,                0.26068,                0.83991,                0.99729,                      1,                  0.995,                0.99276,                0.18025,                0.13832,                0.81195,               0.006733,               0.006733,               0.006733
                     35,                0.23562,                0.25141,                0.83921,                0.99701,                      1,                  0.995,                0.99231,                0.17295,                0.12804,                0.80995,               0.006634,               0.006634,               0.006634
                     36,                  0.232,                0.24615,                 0.8384,                0.99736,                      1,                  0.995,                0.99289,                0.17823,                0.13362,                0.81328,               0.006535,               0.006535,               0.006535
                     37,                0.23138,                0.23777,                0.83753,                0.99781,                      1,                  0.995,                0.99076,                0.18806,                0.13422,                0.80528,               0.006436,               0.006436,               0.006436
                     38,                0.22909,                 0.2374,                0.83826,                0.99808,                      1,                  0.995,                0.99294,                0.17196,                0.11253,                0.80836,               0.006337,               0.006337,               0.006337
                     39,                0.22862,                0.23658,                0.83746,                0.99721,                      1,                  0.995,                0.99326,                0.17539,                0.12321,                 0.8141,               0.006238,               0.006238,               0.006238
                     40,                0.22662,                0.23552,                0.83695,                0.99872,                      1,                  0.995,                0.99344,                0.17029,                0.11465,                0.80961,               0.006139,               0.006139,               0.006139
                     41,                0.22633,                0.22913,                0.83655,                0.99872,                      1,                  0.995,                0.99315,                0.17046,                0.11628,                0.81259,                0.00604,                0.00604,                0.00604
                     42,                0.22422,                0.22211,                 0.8344,                0.99868,                      1,                  0.995,                0.99309,                0.17438,                0.11708,                0.81669,               0.005941,               0.005941,               0.005941
                     43,                0.22415,                0.22469,                0.83925,                0.99892,                      1,                  0.995,                0.99387,                0.17311,                0.12356,                0.81053,               0.005842,               0.005842,               0.005842
                     44,                0.22302,                0.22607,                0.83676,                0.99881,                      1,                  0.995,                0.99364,                0.17307,                0.12613,                0.81246,               0.005743,               0.005743,               0.005743
                     45,                0.22319,                0.22217,                0.83548,                0.99843,                      1,                  0.995,                0.99172,                0.17999,                0.11801,                 0.8168,               0.005644,               0.005644,               0.005644
                     46,                0.22396,                0.21993,                0.83683,                0.99909,                      1,                  0.995,                0.99303,                0.16836,                 0.1107,                0.81112,               0.005545,               0.005545,               0.005545
                     47,                0.21875,                0.21037,                0.83566,                0.99933,                      1,                  0.995,                 0.9937,                 0.1665,                0.11056,                0.80868,               0.005446,               0.005446,               0.005446
                     48,                0.21543,                0.21337,                0.83362,                0.99945,                      1,                  0.995,                0.99343,                0.17301,                0.11274,                 0.8115,               0.005347,               0.005347,               0.005347
                     49,                0.21533,                0.20173,                 0.8346,                0.99902,                      1,                  0.995,                0.99352,                0.16341,                0.10149,                0.80963,               0.005248,               0.005248,               0.005248
                     50,                  0.215,                0.20145,                0.83343,                0.99947,                      1,                  0.995,                0.99377,                0.16444,                0.10146,                0.81031,               0.005149,               0.005149,               0.005149
                     51,                0.21478,                0.20394,                  0.836,                0.99947,                      1,                  0.995,                0.99405,                0.16397,                0.11009,                0.80876,                0.00505,                0.00505,                0.00505
                     52,                 0.2124,                0.19866,                0.83408,                0.99955,                      1,                  0.995,                0.99393,                0.16247,                0.10356,                0.80761,               0.004951,               0.004951,               0.004951
                     53,                0.21406,                0.20025,                0.83441,                0.99939,                      1,                  0.995,                0.99363,                0.16753,                0.10515,                0.80351,               0.004852,               0.004852,               0.004852
                     54,                0.21415,                0.20459,                0.83512,                0.99906,                      1,                  0.995,                0.99357,                0.16532,                0.11371,                0.80849,               0.004753,               0.004753,               0.004753
                     55,                0.21105,                0.20119,                0.83431,                0.99857,                      1,                  0.995,                0.99351,                0.16303,                0.10427,                0.80875,               0.004654,               0.004654,               0.004654
                     56,                0.21114,                0.19906,                0.83367,                0.99933,                      1,                  0.995,                0.99385,                0.17627,                0.12877,                0.79959,               0.004555,               0.004555,               0.004555
                     57,                 0.2074,                0.19456,                0.83369,                0.99957,                      1,                  0.995,                0.99411,                0.16409,                0.10519,                0.80321,               0.004456,               0.004456,               0.004456
                     58,                0.20724,                0.18991,                0.83437,                0.99942,                      1,                  0.995,                0.99394,                  0.163,                0.10196,                0.80478,               0.004357,               0.004357,               0.004357
                     59,                0.20535,                0.18763,                 0.8328,                0.99965,                      1,                  0.995,                0.99424,                0.15932,                 0.0997,                0.80385,               0.004258,               0.004258,               0.004258
                     60,                0.20278,                0.18413,                0.83256,                 0.9997,                      1,                  0.995,                  0.994,                0.16134,                0.09786,                0.80768,               0.004159,               0.004159,               0.004159
                     61,                0.20625,                0.18534,                0.83444,                0.99951,                      1,                  0.995,                0.99421,                0.15985,                0.09753,                0.80756,                0.00406,                0.00406,                0.00406
                     62,                 0.2035,                0.18166,                0.83083,                0.99931,                      1,                  0.995,                 0.9939,                0.16389,                0.10116,                0.79958,               0.003961,               0.003961,               0.003961
                     63,                0.20317,                0.17875,                0.83529,                0.99919,                      1,                  0.995,                0.99413,                0.16205,                0.09899,                0.80936,               0.003862,               0.003862,               0.003862
                     64,                0.20146,                0.17845,                0.83224,                0.99939,                      1,                  0.995,                 0.9941,                0.15812,                0.09794,                0.80472,               0.003763,               0.003763,               0.003763
                     65,                0.19942,                0.17563,                0.83432,                 0.9993,                      1,                  0.995,                0.99405,                0.15919,                  0.105,                0.80491,               0.003664,               0.003664,               0.003664
                     66,                0.19998,                0.17655,                0.83149,                0.99913,                      1,                  0.995,                0.99382,                0.16907,                0.11562,                 0.7967,               0.003565,               0.003565,               0.003565
                     67,                0.20161,                0.17795,                0.83206,                0.99945,                      1,                  0.995,                0.99414,                0.15864,                0.09877,                0.80517,               0.003466,               0.003466,               0.003466
                     68,                0.19813,                0.17269,                0.83006,                0.99974,                      1,                  0.995,                0.99419,                0.15694,                0.09279,                 0.8017,               0.003367,               0.003367,               0.003367
                     69,                0.19772,                0.17212,                0.83152,                 0.9998,                      1,                  0.995,                0.99428,                0.15652,                0.09358,                0.80075,               0.003268,               0.003268,               0.003268
                     70,                0.19645,                0.17276,                0.83001,                0.99961,                      1,                  0.995,                0.99396,                0.15737,                 0.0955,                0.80075,               0.003169,               0.003169,               0.003169
                     71,                0.19735,                0.16644,                0.83257,                0.99967,                      1,                  0.995,                0.99396,                 0.1564,                0.09109,                0.80041,                0.00307,                0.00307,                0.00307
                     72,                0.19464,                0.16649,                0.82794,                0.99978,                      1,                  0.995,                0.99402,                0.15578,                0.08991,                0.80118,               0.002971,               0.002971,               0.002971
                     73,                0.19515,                0.16274,                0.82997,                0.99978,                      1,                  0.995,                0.99434,                0.15596,                0.09181,                0.80443,               0.002872,               0.002872,               0.002872
                     74,                0.19348,                0.16051,                0.82926,                0.99971,                      1,                  0.995,                0.99423,                0.15652,                0.09288,                0.79765,               0.002773,               0.002773,               0.002773
                     75,                0.19428,                0.16233,                0.83054,                0.99951,                      1,                  0.995,                0.99393,                0.15854,                 0.0961,                0.79831,               0.002674,               0.002674,               0.002674
                     76,                0.19218,                0.16033,                0.83136,                0.99955,                      1,                  0.995,                0.99436,                0.15981,                0.09901,                 0.7984,               0.002575,               0.002575,               0.002575
                     77,                0.19002,                0.15645,                0.82945,                0.99964,                      1,                  0.995,                0.99422,                0.15587,                0.09331,                0.80146,               0.002476,               0.002476,               0.002476
                     78,                   0.19,                0.15624,                0.82995,                0.99977,                      1,                  0.995,                0.99448,                0.15404,                0.08767,                 0.8007,               0.002377,               0.002377,               0.002377
                     79,                0.18978,                0.15826,                 0.8301,                0.99975,                      1,                  0.995,                0.99439,                0.15428,                 0.0899,                0.79948,               0.002278,               0.002278,               0.002278
                     80,                0.18663,                0.15124,                0.82832,                0.99965,                      1,                  0.995,                 0.9942,                 0.1542,                0.08965,                0.80025,               0.002179,               0.002179,               0.002179
                     81,                0.18723,                0.15412,                0.83117,                0.99968,                      1,                  0.995,                 0.9942,                0.15392,                0.09521,                  0.801,                0.00208,                0.00208,                0.00208
                     82,                0.18767,                0.15266,                0.82927,                0.99976,                      1,                  0.995,                0.99434,                0.15325,                0.09234,                0.80128,               0.001981,               0.001981,               0.001981
                     83,                0.18557,                0.14707,                0.82849,                0.99977,                      1,                  0.995,                0.99422,                0.15279,                0.08862,                0.79993,               0.001882,               0.001882,               0.001882
                     84,                0.18423,                0.14605,                 0.8265,                0.99969,                      1,                  0.995,                0.99414,                0.15221,                0.08789,                0.79937,               0.001783,               0.001783,               0.001783
                     85,                 0.1841,                0.14426,                0.82858,                0.99957,                      1,                  0.995,                0.99416,                0.15303,                0.08835,                0.80043,               0.001684,               0.001684,               0.001684
                     86,                0.18292,                0.14203,                0.83139,                0.99966,                      1,                  0.995,                0.99436,                0.15219,                0.08561,                0.80344,               0.001585,               0.001585,               0.001585
                     87,                0.18196,                0.14396,                0.82896,                0.99969,                      1,                  0.995,                0.99409,                0.15362,                0.08606,                0.80175,               0.001486,               0.001486,               0.001486
                     88,                0.18052,                0.14139,                0.82889,                0.99966,                      1,                  0.995,                0.99421,                0.15399,                0.08606,                0.79996,               0.001387,               0.001387,               0.001387
                     89,                0.17895,                0.13714,                  0.828,                0.99974,                      1,                  0.995,                0.99403,                 0.1524,                0.08434,                0.80006,               0.001288,               0.001288,               0.001288
                     90,                0.17803,                0.13581,                0.82719,                0.99966,                      1,                  0.995,                 0.9941,                0.15116,                0.08532,                0.80176,               0.001189,               0.001189,               0.001189
                     91,                0.18723,                0.11784,                0.77184,                0.99951,                      1,                  0.995,                0.99409,                 0.1515,                0.08367,                0.80248,                0.00109,                0.00109,                0.00109
                     92,                0.18841,                0.11602,                0.76919,                0.99972,                      1,                  0.995,                0.99423,                0.15142,                0.08755,                0.80275,               0.000991,               0.000991,               0.000991
                     93,                0.18644,                0.11125,                0.76967,                0.99971,                      1,                  0.995,                0.99406,                0.15094,                0.08416,                0.80234,               0.000892,               0.000892,               0.000892
                     94,                0.18294,                0.10716,                  0.771,                0.99976,                      1,                  0.995,                0.99389,                0.15153,                0.08458,                 0.8023,               0.000793,               0.000793,               0.000793
                     95,                0.18143,                0.10783,                  0.774,                 0.9996,                      1,                  0.995,                0.99418,                0.15133,                0.08467,                0.80193,               0.000694,               0.000694,               0.000694
                     96,                0.18316,                0.10704,                0.76851,                0.99962,                      1,                  0.995,                 0.9942,                 0.1513,                0.08212,                0.80152,               0.000595,               0.000595,               0.000595
                     97,                0.17961,                0.10441,                0.76843,                0.99971,                      1,                  0.995,                0.99418,                0.15035,                0.07901,                0.80141,               0.000496,               0.000496,               0.000496
                     98,                0.18051,                0.10267,                0.76896,                0.99971,                      1,                  0.995,                0.99409,                0.15046,                0.08033,                0.80065,               0.000397,               0.000397,               0.000397
                     99,                0.17963,                0.10017,                 0.7687,                0.99971,                      1,                  0.995,                0.99408,                0.14977,                0.08138,                0.80057,               0.000298,               0.000298,               0.000298
                    100,                0.18017,                 0.0981,                0.76967,                0.99973,                      1,                  0.995,                0.99388,                0.14964,                 0.0805,                0.80048,               0.000199,               0.000199,               0.000199
